{
    "metadata" :
    {
        "formatVersion" : 3,
        "generatedBy"   : "ParametricParts",
        "vertices"      : 8,
        "faces"         : 12,
        "normals"       : 0,
        "userData"      : "4adb49445bc54e4bac7337436851c3a9",
        "uvs"           : 0,
        "materials"     : 1,
        "morphTargets"  : 0
    },

    "scale" : 1.0,
    "vertices": [-29.9999999999996, 83.0, -65.0, -29.9999999999996, 111.00000000000001, 0.0, -29.9999999999996, 111.0, -65.0, -29.9999999999996, 83.00000000000001, 0.0, 25.0000000000004, 111.00000000000001, 0.0, 25.0000000000004, 83.00000000000001, 0.0, 25.0000000000004, 111.0, -65.0, 25.0000000000004, 83.0, -65.0],

    "morphTargets": [],

    "normals": [],

    "colors": [],

    "uvs": [[]],

    "faces": [0, 0, 1, 2, 0, 0, 3, 1, 0, 3, 4, 1, 0, 3, 5, 4, 0, 5, 6, 4, 0, 5, 7, 6, 0, 7, 2, 6, 0, 7, 0, 2, 0, 5, 0, 7, 0, 5, 3, 0, 0, 6, 2, 4, 0, 2, 1, 4]
}
