{
    "metadata" :
    {
        "formatVersion" : 3,
        "generatedBy"   : "ParametricParts",
        "vertices"      : 8,
        "faces"         : 12,
        "normals"       : 0,
        "userData"      : "63f7c865851547cf9682690fb39a9537",
        "uvs"           : 0,
        "materials"     : 1,
        "morphTargets"  : 0
    },

    "scale" : 1.0,
    "vertices": [-29.9999999999996, 83.0000000000004, 6.217248937900877e-15, -29.9999999999996, 55.00000000000041, -65.0, -29.9999999999996, 55.0000000000004, 0.0, -29.9999999999996, 83.00000000000041, -65.00000000000001, 30.0000000000004, 55.00000000000041, -65.0, 30.0000000000004, 83.00000000000041, -65.00000000000001, 30.0000000000004, 55.0000000000004, -1.5967349400030565e-108, 30.0000000000004, 83.0000000000004, 6.217248937900877e-15],

    "morphTargets": [],

    "normals": [],

    "colors": [],

    "uvs": [[]],

    "faces": [0, 0, 1, 2, 0, 0, 3, 1, 0, 3, 4, 1, 0, 3, 5, 4, 0, 5, 6, 4, 0, 5, 7, 6, 0, 7, 2, 6, 0, 7, 0, 2, 0, 5, 0, 7, 0, 5, 3, 0, 0, 6, 2, 4, 0, 2, 1, 4]
}
