{
    "metadata" :
    {
        "formatVersion" : 3,
        "generatedBy"   : "ParametricParts",
        "vertices"      : 194,
        "faces"         : 388,
        "normals"       : 0,
        "userData"      : "7e046196ef804087a61d6ac44f28a750",
        "uvs"           : 0,
        "materials"     : 1,
        "morphTargets"  : 0
    },

    "scale" : 1.0,
    "vertices": [48.23606797749999, 112.0, -34.851141009169694, 51.724923182099474, 114.0, -35.73855231792917, 49.653791237075886, 114.0, -38.33566963105496, 53.84110213127625, 116.0, -38.92343669281073, 51.9658989038269, 116.0, -40.92032530867226, 49.653002629466, 116.0, -42.38813391759963, 44.748837921882945, 112.0, -36.49210691371289, 45.7495252583431, 112.0, -36.429149002914556, 46.660918862545486, 114.0, -39.77696100395902, 46.70311716626049, 112.0, -36.119308209863874, 47.04774108734914, 116.0, -43.2346347064715, 44.313812441649226, 116.0, -43.406638917510925, 43.33908113745491, 114.0, -39.77696100395902, 42.85669282008421, 112.0, -35.87731170200786, 43.763932022500406, 112.0, -36.304226065180416, 42.08412549031455, 112.0, -35.23818842371456, 40.34620876292451, 114.0, -38.33566963105497, 39.14437588824251, 116.0, -41.7269871628827, 37.03368269104399, 116.0, -39.9808698942854, 41.49477327982474, 112.0, -34.42701469640666, 38.275076817900924, 114.0, -35.73855231792918, 35.42354250843282, 116.0, -37.7647020575152, 41.494773279824734, 111.99999999999999, -30.572985303592965, 41.12566735548567, 111.99999999999999, -31.50524045134041, 39.41166367366026, 113.00000000000588, -31.22449870081529, 41.0000000000002, 112.0, -32.4999999999998, 38.275076817900924, 113.99999999999999, -29.261447682070433, 35.423542508432845, 115.99999999999999, -27.23529794248435, 36.034414318421696, 114.99999999999409, -30.453663574093746, 34.0717967697247, 116.0, -32.4999999999998, 34.41512636976384, 115.99999999999999, -29.78226637174799, 39.14437588824256, 115.99999999999999, -23.273012837116877, 41.62299948386187, 115.99999999999999, -22.106661106448545, 41.461728416, 114.99999999999409, -24.011781483751992, 44.31381244164928, 115.99999999999999, -21.59336108248868, 40.34620876292451, 113.99999999999999, -26.664330368944643, 43.33908113745491, 113.99999999999999, -25.223038996040582, 41.461728415999985, 114.9999999999941, -40.988218516247606, 41.62299948386182, 116.0, -42.89333889355105, 41.125667355485675, 112.0, -33.49475954865922, 39.41166367366026, 113.0000000000059, -33.77550129918432, 36.034414318421696, 114.9999999999941, -34.546336425905864, 34.41512636976382, 116.0, -35.21773362825155, 42.084125490314534, 111.99999999999999, -29.761811576285066, 37.03368269104403, 115.99999999999999, -25.01913010571417, 42.85669282008419, 111.99999999999999, -29.122688297991754, 44.748837921882924, 111.99999999999999, -28.507893086286717, 43.76393202250039, 111.99999999999999, -28.695773934819197, 46.703117166260476, 111.99999999999999, -28.880691790135717, 45.749525258343084, 111.99999999999999, -28.570850997085046, 46.660918862545486, 113.99999999999999, -25.223038996040582, 47.04774108734919, 115.99999999999999, -21.76536529352811, 49.653002629466044, 115.99999999999999, -22.611866082399995, 48.23606797749998, 111.99999999999999, -30.1488589908299, 47.549695958994945, 111.99999999999999, -29.417947028896638, 49.653791237075886, 113.99999999999999, -26.66433036894464, 51.96589890382694, 115.99999999999999, -24.07967469132738, 53.84110213127629, 115.99999999999999, -26.076563307188913, 48.96845880525811, 111.99999999999999, -31.998667065742577, 48.7191059435532, 111.99999999999999, -31.02750178926108, 51.724923182099474, 113.99999999999999, -29.261447682070433, 55.1607863965184, 115.99999999999999, -28.477060074207404, 55.84203108370889, 115.99999999999999, -31.130332952101526, 48.96845880525811, 112.0, -33.00133293425701, 52.46410161513795, 114.0, -32.4999999999998, 55.84203108370889, 116.0, -33.86966704789813, 48.71910594355321, 112.0, -33.97249821073851, 55.160786396518375, 116.0, -36.52293992579225, 47.54969595899496, 112.0, -35.582052971102954, 45.7495252583431, 105.99999999999999, -28.570850997085046, 44.748837921882945, 105.99999999999999, -28.507893086286714, 43.763932022500406, 105.99999999999999, -28.695773934819186, 41.0000000000002, 106.0, -32.49999999999981, 41.12566735548567, 106.0, -33.494759548659204, 42.85669282008421, 105.99999999999999, -29.12268829799174, 42.08412549031455, 105.99999999999999, -29.761811576285044, 41.494773279824734, 106.0, -34.427014696406644, 41.49477327982474, 105.99999999999999, -30.57298530359294, 42.084125490314534, 106.0, -35.23818842371455, 41.125667355485675, 105.99999999999999, -31.50524045134038, 42.85669282008419, 106.0, -35.87731170200785, 43.76393202250039, 106.0, -36.304226065180416, 44.748837921882924, 106.0, -36.49210691371289, 45.749525258343084, 106.0, -36.42914900291456, 46.703117166260476, 106.0, -36.11930820986389, 47.549695958994945, 106.0, -35.582052971102975, 48.23606797749998, 106.0, -34.85114100916971, 48.7191059435532, 106.0, -33.97249821073853, 48.96845880525811, 106.0, -33.001332934257036, 48.96845880525811, 105.99999999999999, -31.99866706574259, 48.71910594355321, 105.99999999999999, -31.027501789261095, 48.23606797749999, 105.99999999999999, -30.14885899082991, 47.54969595899496, 105.99999999999999, -29.417947028896645, 46.70311716626049, 105.99999999999999, -28.88069179013572, 59.52874741692967, 116.0, -36.23034830747262, 60.0000000000002, 116.0, -32.4999999999998, 35.438640153769896, 115.99999999999999, -20.94230135836293, 55.93452941132138, 116.0, -42.76820658893013, 58.144600200658154, 116.0, -39.72630511152553, 35.43864015376984, 116.0, -44.05769864163663, 32.864745084375976, 116.0, -41.316778784386884, 38.6133106265241, 116.0, -46.07240578699009, 31.053352711676418, 116.0, -38.02186829026994, 42.18928028121432, 116.0, -47.23430876093013, 30.11827948028303, 116.0, -34.37999850346433, 38.61331062652416, 115.99999999999999, -18.92759421300949, 42.189280281214394, 115.99999999999999, -17.76569123906946, 45.94185779293997, 115.99999999999999, -17.529599073575735, 59.52874741692969, 115.99999999999999, -28.769651692527074, 45.9418577929399, 116.0, -47.47040092642388, 49.63525491562448, 115.99999999999999, -18.234152255572525, 30.118279480283036, 115.99999999999999, -30.620001496535203, 58.144600200658196, 115.99999999999999, -25.273694888474154, 53.03740192468521, 115.99999999999999, -19.835081117469624, 55.93452941132143, 115.99999999999999, -22.231793411069535, 49.635254915624415, 116.0, -46.765847744427106, 31.053352711676446, 115.99999999999999, -26.978131709729595, 53.037401924685156, 116.0, -45.164918882530024, 32.86474508437602, 115.99999999999999, -23.683221215612665, 43.12618685414299, 55.99999999999999, -22.67712749271289, 43.12618685414299, 105.99999999999999, -22.677127492712906, 45.62790519529338, 105.99999999999999, -22.51973271571709, 45.62790519529338, 55.99999999999999, -22.519732715717076, 48.09016994374972, 105.99999999999999, -22.98943483704828, 48.09016994374972, 55.99999999999999, -22.98943483704827, 55.0000000000002, 55.99999999999999, -32.49999999999979, 55.0000000000002, 106.0, -32.49999999999981, 54.68583161128651, 106.0, -34.98689887164835, 50.35826794979021, 105.99999999999999, -24.05672074497968, 54.68583161128651, 55.99999999999999, -34.986898871648336, 50.35826794979021, 55.99999999999999, -24.056720744979664, 52.289686274214354, 105.99999999999999, -25.654528940712954, 53.763066800438835, 55.99999999999999, -37.31753674101694, 53.763066800438835, 106.0, -37.31753674101696, 52.289686274214354, 55.99999999999999, -25.654528940712943, 53.763066800438864, 55.99999999999999, -27.682463258982686, 53.763066800438864, 105.99999999999999, -27.6824632589827, 52.28968627421432, 55.99999999999999, -39.34547105928667, 52.28968627421432, 106.0, -39.34547105928669, 54.685831611286524, 105.99999999999999, -30.013101128351312, 54.685831611286524, 55.99999999999999, -30.013101128351302, 50.35826794979017, 55.99999999999999, 