{
    "metadata" :
    {
        "formatVersion" : 3,
        "generatedBy"   : "ParametricParts",
        "vertices"      : 8,
        "faces"         : 12,
        "normals"       : 0,
        "userData"      : "9e856a5cb9c243678378c7871210c46a",
        "uvs"           : 0,
        "materials"     : 1,
        "morphTargets"  : 0
    },

    "scale" : 1.0,
    "vertices": [-57.9999999999999, 56.0000000000004, 0.0, -85.9999999999999, 56.0000000000004, -65.0, -85.9999999999999, 56.0000000000004, 0.0, -57.9999999999999, 56.0000000000004, -65.0, -85.9999999999999, 1.000000000000398, -65.0, -57.9999999999999, 1.000000000000398, -65.0, -85.9999999999999, 1.000000000000398, 0.0, -57.9999999999999, 1.000000000000398, 0.0],

    "morphTargets": [],

    "normals": [],

    "colors": [],

    "uvs": [[]],

    "faces": [0, 0, 1, 2, 0, 0, 3, 1, 0, 3, 4, 1, 0, 3, 5, 4, 0, 5, 6, 4, 0, 5, 7, 6, 0, 7, 2, 6, 0, 7, 0, 2, 0, 5, 0, 7, 0, 5, 3, 0, 0, 6, 2, 4, 0, 2, 1, 4]
}
