{
    "metadata" :
    {
        "formatVersion" : 3,
        "generatedBy"   : "ParametricParts",
        "vertices"      : 8,
        "faces"         : 12,
        "normals"       : 0,
        "userData"      : "bf5d5c49ebe3495d8576e1785494f18f",
        "uvs"           : 0,
        "materials"     : 1,
        "morphTargets"  : 0
    },

    "scale" : 1.0,
    "vertices": [-57.9999999999996, 114.0, -65.0, -29.9999999999996, 114.0, 0.0, -29.9999999999996, 114.0, -65.0, -57.9999999999996, 114.0, 0.0, -29.9999999999996, 59.0, 0.0, -57.9999999999996, 59.0, 0.0, -29.9999999999996, 59.0, -65.0, -57.9999999999996, 59.0, -65.0],

    "morphTargets": [],

    "normals": [],

    "colors": [],

    "uvs": [[]],

    "faces": [0, 0, 1, 2, 0, 0, 3, 1, 0, 3, 4, 1, 0, 3, 5, 4, 0, 5, 6, 4, 0, 5, 7, 6, 0, 7, 2, 6, 0, 7, 0, 2, 0, 5, 0, 7, 0, 5, 3, 0, 0, 6, 2, 4, 0, 2, 1, 4]
}
