{
    "metadata" :
    {
        "formatVersion" : 3,
        "generatedBy"   : "ParametricParts",
        "vertices"      : 8,
        "faces"         : 12,
        "normals"       : 0,
        "userData"      : "e2a41da69fa94944bc29ded8df53cda9",
        "uvs"           : 0,
        "materials"     : 1,
        "morphTargets"  : 0
    },

    "scale" : 1.0,
    "vertices": [32.0000000000001, 1.00000000000048, -7.78563792700936e-33, 60.0000000000001, 1.00000000000048, -65.0, 60.0000000000001, 1.00000000000048, -7.78563792700936e-33, 32.0000000000001, 1.00000000000048, -65.0, 60.0000000000001, 56.00000000000048, -65.0, 32.0000000000001, 56.00000000000048, -65.0, 60.0000000000001, 56.00000000000048, -7.78563792700936e-33, 32.0000000000001, 56.00000000000048, -7.78563792700936e-33],

    "morphTargets": [],

    "normals": [],

    "colors": [],

    "uvs": [[]],

    "faces": [0, 0, 1, 2, 0, 0, 3, 1, 0, 3, 4, 1, 0, 3, 5, 4, 0, 5, 6, 4, 0, 5, 7, 6, 0, 7, 2, 6, 0, 7, 0, 2, 0, 5, 0, 7, 0, 5, 3, 0, 0, 6, 2, 4, 0, 2, 1, 4]
}
