{
    "metadata" :
    {
        "formatVersion" : 3,
        "generatedBy"   : "ParametricParts",
        "vertices"      : 92,
        "faces"         : 184,
        "normals"       : 0,
        "userData"      : "f828d721929547ce8c668f1373fb03b1",
        "uvs"           : 0,
        "materials"     : 1,
        "morphTargets"  : 0
    },

    "scale" : 1.0,
    "vertices": [-33.139395605563365, 0.9999999999999858, -35.205010301679444, -32.0487826050138, -1.0000000000000142, -37.70833333333332, -33.139395605563365, -1.0000000000000142, -35.205010301679444, -32.0487826050138, 0.9999999999999858, -37.70833333333332, -33.51219875145219, 0.9999999999999858, -32.50000000000001, -33.51219875145219, -1.0000000000000142, -32.50000000000001, -33.13939560556335, 1.0, -29.794989698320588, -33.13939560556335, -1.0, -29.794989698320585, -32.0487826050138, 1.0, -27.291666666666636, -32.0487826050138, -1.0, -27.291666666666636, -55.9512173949861, -1.0, -27.291666666666636, -55.9512173949861, 1.0, -27.291666666666636, -57.44311276021212, 1.0, -23.90931187246876, -57.4431127602121, -1.0, -23.909311872468788, -57.9976887525295, -1.0, -20.254380791947376, -57.99768875252951, 1.0, -20.254380791947348, -57.576277629532356, -1.0, -16.58171304220054, -57.57627762953234, 1.0, -16.581713042200512, -56.20826222959967, -1.0, -13.147384927392165, -56.208262229599654, 1.0, -13.14738492739214, -53.98902725712739, -1.0, -10.190854550147217, -53.98902725712736, 1.0, -10.190854550147197, -51.07330859582322, -1.0, -7.918265624991834, -51.07330859582319, 1.0, -7.918265624991822, -47.66440436837196, -1.0, -6.4880741333791985, -47.66440436837193, 1.0, -6.488074133379193, -44.000000000000156, -1.0, -6.000000000000032, -44.00000000000013, 1.0, -6.000000000000034, -40.33559563162834, -1.0, -6.4880741333791665, -40.33559563162831, 1.0, -6.488074133379179, -36.92669140417708, -1.0, -7.918265624991777, -36.92669140417705, 1.0, -7.918265624991795, -34.010972742872895, -1.0, -10.190854550147135, -34.010972742872866, 1.0, -10.190854550147161, -31.791737770400587, -1.0, -13.147384927392064, -31.79173777040056, 1.0, -13.147384927392098, -30.42372237046787, -1.0, -16.581713042200427, -30.42372237046787, 1.0, -16.58171304220047, -30.002311247470686, -1.0, -20.254380791947263, -30.002311247470686, 1.0, -20.254380791947312, -30.556887239788054, -1.0, -23.909311872468678, -30.556887239788068, 1.0, -23.909311872468724, -54.860604394436905, 1.0, -29.79498969832069, -54.860604394436905, -1.0, -29.794989698320702, -54.48780124854811, 0.9999999999999858, -32.500000000000085, -54.48780124854811, -1.0000000000000142, -32.50000000000009, -54.86060439443693, 0.9999999999999858, -35.205010301679486, -54.86060439443695, -1.0000000000000142, -35.2050103016795, -55.9512173949861, 0.9999999999999858, -37.70833333333332, -55.9512173949861, -1.0000000000000142, -37.70833333333332, -30.556887239788054, 0.9999999999999858, -41.090688127531315, -30.556887239788054, -1.0000000000000142, -41.090688127531315, -30.002311247470686, -1.0000000000000142, -44.74561920805272, -30.002311247470686, 0.9999999999999858, -44.74561920805272, -30.42372237046787, -1.0000000000000142, -48.41828695779955, -30.42372237046787, 0.9999999999999858, -48.418286957799545, -31.791737770400587, -1.0000000000000142, -51.852615072607904, -31.791737770400587, 0.9999999999999858, -51.852615072607904, -34.01097274287291, -1.0000000000000142, -54.80914544985283, -34.010972742872895, 0.9999999999999858, -54.80914544985283, -36.92669140417708, -1.0000000000000142, -57.08173437500818, -36.92669140417708, 0.9999999999999858, -57.081734375008175, -40.33559563162834, -1.0000000000000142, -58.511925866620786, -40.33559563162834, 0.9999999999999858, -58.511925866620786, -44.00000000000014, -1.0000000000000142, -58.99999999999992, -44.00000000000014, 0.9999999999999858, -58.99999999999992, -47.66440436837195, -1.0000000000000142, -58.511925866620764, -47.66440436837195, 0.9999999999999858, -58.511925866620764, -51.07330859582321, -1.0000000000000142, -57.08173437500813, -51.07330859582321, 0.9999999999999858, -57.08173437500813, -53.989027257127375, -1.0000000000000142, -54.80914544985275, -53.98902725712736, 0.9999999999999858, -54.80914544985276, -56.20826222959967, -1.0000000000000142, -51.852615072607804, -56.208262229599654, 0.9999999999999858, -51.852615072607826, -57.576277629532356, -1.0000000000000142, -48.41828695779943, -57.57627762953234, 0.9999999999999858, -48.41828695779946, -57.99768875252951, -1.0000000000000142, -44.745619208052595, -57.99768875252951, 0.9999999999999858, -44.74561920805263, -57.44311276021212, -1.0000000000000142, -41.09068812753119, -57.44311276021212, 0.9999999999999858, -41.09068812753122, 59.99999999999992, 1.0, 6.520988635919084e-14, 59.99999999999992, 0.9999999999999858, -64.99999999999993, -86.0000000000001, 1.0, 6.520988635919084e-14, -86.0000000000001, 0.9999999999999858, -64.99999999999993, 59.99999999999992, -1.0, 6.56539755690409e-14, -86.0000000000001, -1.0, 6.56539755690409e-14, 59.99999999999992, 113.99999999999999, -64.99999999999996, -86.0000000000001, 113.99999999999999, -64.99999999999996, 59.99999999999992, 113.99999999999999, -66.99999999999996, 59.99999999999992, -1.0000000000000142, -66.99999999999993, -86.0000000000001, 113.99999999999999, -66.99999999999996, -86.0000000000001, -1.0000000000000142, -66.99999999999993],

    "morphTargets": [],

    "normals": [],

    "colors": [],

    "uvs": [[]],